{
    "train_loss": [
        1.518124381574198,
        1.2029932644039678,
        1.081686313731221,
        0.9999278467684127,
        0.9487270229159833,
        0.9045448217529077,
        0.8748323031888602,
        0.8376614243839495,
        0.810891494583398,
        0.788199416745585,
        0.7767029905471557,
        0.7591739281678733,
        0.7389319299128109,
        0.7196541057227138,
        0.7090164174477513,
        0.6960340135585005,
        0.6891819047280394,
        0.6747304535331056,
        0.6639318189110619,
        0.6621088203721153,
        0.6422472112475873,
        0.6411556375864595,
        0.6311676304180401,
        0.6295215400834434,
        0.6175058032757939,
        0.6059471407827859,
        0.5987645164846231,
        0.5940788179731217,
        0.5892606337611287,
        0.5751931468328348,
        0.5775700722829983,
        0.5684042236865899,
        0.5596534361283239,
        0.5588916432552825,
        0.556423684183401,
        0.548642634298093,
        0.5498043739567169,
        0.5425541855085391,
        0.5330662794006519,
        0.5311563302533695,
        0.525249646780209,
        0.525611831452519,
        0.5240529051984841,
        0.516765830806269,
        0.5086774002439298,
        0.5090967835709691,
        0.5149299191971557,
        0.49541523367071305,
        0.49618098625359824,
        0.4937053562734074
    ],
    "train_acc": [
        44.245,
        56.825,
        60.995,
        64.2725,
        66.1975,
        67.7975,
        69.0725,
        70.3875,
        71.135,
        72.1275,
        72.665,
        73.3825,
        74.0625,
        74.5825,
        74.9725,
        75.5,
        75.5625,
        76.285,
        76.505,
        76.8475,
        77.525,
        77.5125,
        77.855,
        77.795,
        78.3925,
        78.895,
        78.9475,
        79.135,
        79.3225,
        79.8,
        79.7475,
        79.9225,
        80.4175,
        80.35,
        80.39,
        80.52,
        80.6325,
        80.735,
        81.2325,
        81.185,
        81.665,
        81.56,
        81.6675,
        81.795,
        81.8675,
        82.0475,
        81.9,
        82.725,
        82.6175,
        82.66
    ],
    "val_loss": [
        1.2472234074073503,
        1.0685639864281764,
        1.0189254955400395,
        0.8928753379025037,
        0.8155405921272084,
        0.9030724469619461,
        0.7708853603918341,
        0.8402935515476179,
        0.8734360382526736,
        0.9612333223789553,
        0.7492398597017119,
        0.6979762444013282,
        0.7082616588737392,
        0.6671240163754814,
        0.6573168869259991,
        0.8430715791786774,
        0.6407050724270977,
        0.6990017509913142,
        0.5830011126361315,
        0.7263398834421665,
        0.6207543200329889,
        0.5762771511379676,
        0.7264186400401441,
        0.6057842200315451,
        0.5883529265470142,
        0.6247890991500661,
        0.6058910662614847,
        0.5538822582250909,
        0.5546729715564583,
        0.7596345023263859,
        0.593398792456977,
        0.5370950446098666,
        0.6255253349678426,
        0.5589861481250087,
        0.5465145986291426,
        0.5710925527765781,
        0.5547362094438528,
        0.5450304350520991,
        0.5376703177071824,
        0.528402503909944,
        0.5321466952939576,
        0.5140543380115605,
        0.5353169154517258,
        0.5249176361138308,
        0.5286003536061396,
        0.5242804783054545,
        0.5944535479515414,
        0.5333004967321323,
        0.5594129611419726,
        0.5480537373053876
    ],
    "val_acc": [
        55.07,
        62.7,
        63.84,
        68.43,
        71.18,
        67.91,
        72.69,
        71.49,
        70.08,
        68.92,
        73.87,
        76.34,
        75.42,
        76.91,
        77.27,
        72.03,
        77.97,
        76.48,
        79.9,
        75.16,
        78.92,
        80.27,
        75.64,
        79.55,
        79.89,
        78.44,
        79.49,
        80.92,
        81.05,
        74.8,
        79.61,
        81.38,
        79.16,
        80.76,
        81.41,
        80.36,
        81.52,
        81.44,
        81.99,
        82.28,
        82.06,
        82.47,
        81.66,
        82.55,
        82.36,
        82.11,
        80.57,
        81.88,
        81.04,
        81.65
    ],
    "epoch_time": [
        14.016570091247559,
        13.345884084701538,
        13.489829301834106,
        13.262572050094604,
        13.207575798034668,
        13.169809103012085,
        13.119117021560669,
        13.15718412399292,
        13.249928951263428,
        13.108229875564575,
        13.154555797576904,
        13.179404020309448,
        13.209778070449829,
        13.221763134002686,
        13.072558164596558,
        13.165377140045166,
        13.34448790550232,
        13.361205101013184,
        13.255319833755493,
        13.476479053497314,
        13.561782121658325,
        13.410694122314453,
        13.200965166091919,
        13.282997131347656,
        13.11450481414795,
        13.304988861083984,
        13.209272861480713,
        13.25796127319336,
        13.241857051849365,
        13.299957990646362,
        13.318442821502686,
        13.132912158966064,
        13.204797744750977,
        13.192523956298828,
        13.306797981262207,
        13.3315110206604,
        13.114992141723633,
        13.334650039672852,
        13.2827730178833,
        13.3911292552948,
        13.923956871032715,
        13.810135126113892,
        14.188777923583984,
        14.600910902023315,
        15.039137125015259,
        13.711028814315796,
        13.376860857009888,
        13.519291162490845,
        13.58487606048584,
        13.506953954696655
    ],
    "final_epoch": 50,
    "Average time per epoch": 13.406501379013061,
    "total_training_time": 670.5147702693939,
    "best_val_acc": 82.55
}