{
    "train_loss": [
        1.561600934583158,
        1.2240675564010304,
        1.087561013218694,
        0.9972326646978482,
        0.9431737046272229,
        0.8942481865898108,
        0.8605864824959264,
        0.8240008041881525,
        0.7997303829787258,
        0.7781934170677258,
        0.7533144810900521,
        0.7284656648818677,
        0.7187734642348731,
        0.6962762250306126,
        0.6845902843406787,
        0.6707280215363913,
        0.6563357530881803,
        0.6428151867641047,
        0.6308710737921559,
        0.6265166775106241,
        0.6120093637190688,
        0.6006861981302024,
        0.5954832061411093,
        0.5800558601895841,
        0.5796800094861954,
        0.5717734516428682,
        0.5600940817461227,
        0.5543841073116936,
        0.5444121867323074,
        0.5417806239554677,
        0.5374450187523144,
        0.528720161880548,
        0.5184625709970919,
        0.5159664287353857,
        0.513249785755389,
        0.5048321049434309,
        0.4924092741248707,
        0.49042283127102226,
        0.48732993692254867,
        0.48593917231971084,
        0.48533765119485583,
        0.4784119053960989,
        0.47383824552590853,
        0.4692194816974786,
        0.4652827353523181,
        0.4576049338514432,
        0.45422259444436325,
        0.450078017033708,
        0.44563465782057365,
        0.4413485788880065
    ],
    "train_acc": [
        42.59,
        55.6625,
        60.96,
        64.4525,
        66.4375,
        68.2275,
        69.595,
        70.78,
        71.5075,
        72.3475,
        73.4825,
        74.1875,
        74.515,
        75.18,
        75.8025,
        76.365,
        76.91,
        77.08,
        77.7125,
        77.9675,
        78.1975,
        78.795,
        79.255,
        79.625,
        79.495,
        79.885,
        80.34,
        80.445,
        80.685,
        80.9825,
        81.18,
        81.425,
        81.83,
        81.975,
        82.0625,
        82.2275,
        82.825,
        82.625,
        82.855,
        82.8725,
        82.91,
        83.2375,
        83.5225,
        83.3875,
        83.68,
        83.8475,
        84.075,
        84.19,
        84.315,
        84.495
    ],
    "val_loss": [
        1.4172758859924124,
        0.9975841905497298,
        1.1347322924227654,
        0.8799015404302862,
        0.8961126336568519,
        0.8589980639988863,
        0.7089856266975403,
        1.164608973491041,
        0.7162514879733701,
        0.7140093706076658,
        0.7638328158402745,
        0.7498021178607699,
        0.7212151288986206,
        0.6460218746450883,
        0.6071281482147265,
        0.5738289476949957,
        0.6325195688235609,
        0.6110823414748228,
        0.7601199036912073,
        0.6186013821559616,
        0.7741632555858998,
        0.5880101225044154,
        0.7919375436215461,
        0.5918858885010586,
        0.5834005403367779,
        0.726494924554342,
        0.5596846523164194,
        0.5538958205452448,
        0.6371921553641935,
        0.5899576503264753,
        0.607655198513707,
        0.5731545724446261,
        0.60493065096155,
        0.5498563088948214,
        0.5353210772140117,
        0.5262722814384895,
        0.7164092780668524,
        0.5589158651949484,
        0.482111546057689,
        0.5658526258378089,
        0.5175893084157871,
        0.5151521303231203,
        0.48599520740629754,
        0.5767301894441436,
        0.5807417351988298,
        0.50073535532891,
        0.51480637132367,
        0.4929658268825917,
        0.543003049077867,
        0.5186930019644242
    ],
    "val_acc": [
        49.8,
        64.31,
        61.11,
        69.24,
        69.59,
        69.86,
        74.99,
        61.63,
        75.18,
        75.19,
        73.35,
        74.59,
        74.57,
        78.13,
        78.48,
        79.74,
        78.39,
        78.61,
        74.71,
        79.15,
        74.24,
        79.91,
        74.22,
        79.82,
        79.24,
        75.81,
        80.83,
        80.82,
        78.42,
        80.05,
        79.43,
        80.9,
        79.03,
        81.03,
        81.69,
        82.14,
        77.44,
        81.01,
        83.48,
        81.14,
        82.54,
        82.45,
        83.48,
        80.89,
        80.79,
        82.69,
        83.5,
        83.65,
        82.36,
        82.62
    ],
    "epoch_time": [
        14.028105974197388,
        13.599942922592163,
        13.606355905532837,
        13.767878293991089,
        13.405908823013306,
        13.632430076599121,
        13.504155158996582,
        13.978661060333252,
        14.64553189277649,
        13.85353708267212,
        13.84803581237793,
        13.629312992095947,
        13.79127025604248,
        13.512767791748047,
        13.775758981704712,
        13.78024172782898,
        14.055216073989868,
        13.590847969055176,
        13.692059993743896,
        13.794432878494263,
        13.75710391998291,
        13.903379201889038,
        13.836552858352661,
        13.739712715148926,
        13.654151201248169,
        13.960064888000488,
        13.490583896636963,
        13.922843933105469,
        13.605741739273071,
        13.852420091629028,
        13.612151145935059,
        13.763360023498535,
        13.847325801849365,
        13.884323835372925,
        13.892508745193481,
        13.688801765441895,
        13.895612001419067,
        13.709388256072998,
        13.913985967636108,
        13.610103130340576,
        13.759315967559814,
        13.709954023361206,
        14.077120065689087,
        14.251389026641846,
        14.181833028793335,
        14.353743076324463,
        14.086305141448975,
        14.97075891494751,
        16.42477512359619,
        14.998121976852417
    ],
    "final_epoch": 50,
    "Average time per epoch": 13.916917662620545,
    "total_training_time": 696.0893278121948,
    "best_val_acc": 83.65
}