{
    "trainable_parameters": 824651,
    "total_parameters": 824651,
    "test_accuracy": 0.8299,
    "test_loss": 0.5110804823380483,
    "precision_per_class": [
        0.833822091886608,
        0.869167429094236,
        0.825287356321839,
        0.6827111984282908,
        0.8299595141700404,
        0.7206959706959707,
        0.941108545034642,
        0.8439306358381503,
        0.8698501872659176,
        0.9067796610169492
    ],
    "recall_per_class": [
        0.853,
        0.95,
        0.718,
        0.695,
        0.82,
        0.787,
        0.815,
        0.876,
        0.929,
        0.856
    ],
    "f1_per_class": [
        0.8433020266930301,
        0.9077878643096035,
        0.7679144385026738,
        0.688800792864222,
        0.8249496981891348,
        0.7523900573613767,
        0.8735262593783494,
        0.8596663395485771,
        0.8984526112185687,
        0.8806584362139918
    ],
    "macro_precision": 0.8323312589752645,
    "macro_recall": 0.8299,
    "macro_f1": 0.8297448524279527,
    "inference_time": 1.025710105895996,
    "inference_speed": 9749.343350053694,
    "confusion_matrix": [
        [
            853,
            18,
            14,
            13,
            6,
            5,
            1,
            12,
            64,
            14
        ],
        [
            5,
            950,
            1,
            2,
            0,
            2,
            0,
            1,
            10,
            29
        ],
        [
            51,
            2,
            718,
            53,
            66,
            51,
            16,
            27,
            10,
            6
        ],
        [
            13,
            5,
            35,
            695,
            39,
            138,
            19,
            27,
            17,
            12
        ],
        [
            13,
            3,
            32,
            36,
            820,
            29,
            9,
            49,
            7,
            2
        ],
        [
            9,
            5,
            13,
            125,
            17,
            787,
            4,
            34,
            4,
            2
        ],
        [
            15,
            5,
            41,
            55,
            20,
            36,
            815,
            4,
            4,
            5
        ],
        [
            11,
            2,
            11,
            28,
            20,
            42,
            0,
            876,
            3,
            7
        ],
        [
            34,
            17,
            2,
            3,
            0,
            1,
            0,
            3,
            929,
            11
        ],
        [
            19,
            86,
            3,
            8,
            0,
            1,
            2,
            5,
            20,
            856
        ]
    ],
    "train_loss": [
        1.561600934583158,
        1.2240675564010304,
        1.087561013218694,
        0.9972326646978482,
        0.9431737046272229,
        0.8942481865898108,
        0.8605864824959264,
        0.8240008041881525,
        0.7997303829787258,
        0.7781934170677258,
        0.7533144810900521,
        0.7284656648818677,
        0.7187734642348731,
        0.6962762250306126,
        0.6845902843406787,
        0.6707280215363913,
        0.6563357530881803,
        0.6428151867641047,
        0.6308710737921559,
        0.6265166775106241,
        0.6120093637190688,
        0.6006861981302024,
        0.5954832061411093,
        0.5800558601895841,
        0.5796800094861954,
        0.5717734516428682,
        0.5600940817461227,
        0.5543841073116936,
        0.5444121867323074,
        0.5417806239554677,
        0.5374450187523144,
        0.528720161880548,
        0.5184625709970919,
        0.5159664287353857,
        0.513249785755389,
        0.5048321049434309,
        0.4924092741248707,
        0.49042283127102226,
        0.48732993692254867,
        0.48593917231971084,
        0.48533765119485583,
        0.4784119053960989,
        0.47383824552590853,
        0.4692194816974786,
        0.4652827353523181,
        0.4576049338514432,
        0.45422259444436325,
        0.450078017033708,
        0.44563465782057365,
        0.4413485788880065
    ],
    "train_acc": [
        42.59,
        55.6625,
        60.96,
        64.4525,
        66.4375,
        68.2275,
        69.595,
        70.78,
        71.5075,
        72.3475,
        73.4825,
        74.1875,
        74.515,
        75.18,
        75.8025,
        76.365,
        76.91,
        77.08,
        77.7125,
        77.9675,
        78.1975,
        78.795,
        79.255,
        79.625,
        79.495,
        79.885,
        80.34,
        80.445,
        80.685,
        80.9825,
        81.18,
        81.425,
        81.83,
        81.975,
        82.0625,
        82.2275,
        82.825,
        82.625,
        82.855,
        82.8725,
        82.91,
        83.2375,
        83.5225,
        83.3875,
        83.68,
        83.8475,
        84.075,
        84.19,
        84.315,
        84.495
    ],
    "val_loss": [
        1.4172758859924124,
        0.9975841905497298,
        1.1347322924227654,
        0.8799015404302862,
        0.8961126336568519,
        0.8589980639988863,
        0.7089856266975403,
        1.164608973491041,
        0.7162514879733701,
        0.7140093706076658,
        0.7638328158402745,
        0.7498021178607699,
        0.7212151288986206,
        0.6460218746450883,
        0.6071281482147265,
        0.5738289476949957,
        0.6325195688235609,
        0.6110823414748228,
        0.7601199036912073,
        0.6186013821559616,
        0.7741632555858998,
        0.5880101225044154,
        0.7919375436215461,
        0.5918858885010586,
        0.5834005403367779,
        0.726494924554342,
        0.5596846523164194,
        0.5538958205452448,
        0.6371921553641935,
        0.5899576503264753,
        0.607655198513707,
        0.5731545724446261,
        0.60493065096155,
        0.5498563088948214,
        0.5353210772140117,
        0.5262722814384895,
        0.7164092780668524,
        0.5589158651949484,
        0.482111546057689,
        0.5658526258378089,
        0.5175893084157871,
        0.5151521303231203,
        0.48599520740629754,
        0.5767301894441436,
        0.5807417351988298,
        0.50073535532891,
        0.51480637132367,
        0.4929658268825917,
        0.543003049077867,
        0.5186930019644242
    ],
    "val_acc": [
        49.8,
        64.31,
        61.11,
        69.24,
        69.59,
        69.86,
        74.99,
        61.63,
        75.18,
        75.19,
        73.35,
        74.59,
        74.57,
        78.13,
        78.48,
        79.74,
        78.39,
        78.61,
        74.71,
        79.15,
        74.24,
        79.91,
        74.22,
        79.82,
        79.24,
        75.81,
        80.83,
        80.82,
        78.42,
        80.05,
        79.43,
        80.9,
        79.03,
        81.03,
        81.69,
        82.14,
        77.44,
        81.01,
        83.48,
        81.14,
        82.54,
        82.45,
        83.48,
        80.89,
        80.79,
        82.69,
        83.5,
        83.65,
        82.36,
        82.62
    ],