{
    "train_loss": [
        2.0938023740110308,
        1.9990910356418012,
        1.9686323293862633,
        1.9348452571101082,
        1.9117337392922789,
        1.8978276332727255,
        1.880492705887499,
        1.8749774233601726,
        1.863951056529158,
        1.854598801356916,
        1.848107444592558,
        1.8390372313630468,
        1.8279020515874551,
        1.8222407106393443,
        1.8243821219514353,
        1.8131168932198716,
        1.8112161906001667,
        1.8072114432581698,
        1.8023080022190325,
        1.7976904155347293,
        1.7945201362664707,
        1.7926295668172378,
        1.7875327092770952,
        1.784188052335867,
        1.7801109883731927,
        1.7782098184378383,
        1.7758296598641636,
        1.7699898869846575,
        1.7752740546918144,
        1.767996813542546,
        1.7702414783806846,
        1.763726245100125,
        1.7637703205449893,
        1.759087290245885,
        1.7570036177437145,
        1.7569259222323141,
        1.758638586860876,
        1.755211162871827,
        1.753792925383717,
        1.757196309467474,
        1.7508944417721928,
        1.748236364830797,
        1.740291725713224,
        1.7418224735381884,
        1.7432437285828515,
        1.7414168283200493,
        1.742262215660022,
        1.7450915083717615,
        1.7376499233154443,
        1.7341185853885004
    ],
    "train_acc": [
        21.3125,
        26.015,
        27.41,
        28.68,
        29.9375,
        30.215,
        30.93,
        31.5975,
        32.115,
        32.2175,
        32.5175,
        33.06,
        32.7625,
        33.72,
        33.59,
        33.5775,
        34.21,
        34.4275,
        34.515,
        34.33,
        34.7,
        34.59,
        35.1975,
        35.1975,
        35.0375,
        35.43,
        35.545,
        35.26,
        35.3825,
        35.6925,
        35.7,
        35.67,
        35.795,
        36.36,
        36.1775,
        36.095,
        35.8,
        36.175,
        36.085,
        36.2275,
        36.55,
        36.4725,
        36.905,
        36.7825,
        36.8875,
        36.8025,
        36.755,
        36.6175,
        36.9825,
        36.8725
    ],
    "val_loss": [
        1.9102308222010165,
        1.9040796711475034,
        1.8305314568024647,
        1.8133783823327174,
        1.7943561801427528,
        1.770346570618545,
        1.7409885638876805,
        1.7409398525576048,
        1.7359496445595464,
        1.717151723330534,
        1.7301436813571784,
        1.6954983593542365,
        1.6853777109822141,
        1.6997095376630373,
        1.7061637066587616,
        1.6668369317356544,
        1.665744757350487,
        1.650312238101718,
        1.6612986039511766,
        1.6565660389163825,
        1.6508023180539095,
        1.6339583200744436,
        1.6725914780097673,
        1.646128994000109,
        1.611066594908509,
        1.6296539261371275,
        1.6086974536316305,
        1.6131404200686683,
        1.6273021637638914,
        1.611907868445674,
        1.6282268551331531,
        1.6306835246991507,
        1.6337263297431077,
        1.6309564883195902,
        1.5972406924525393,
        1.613364109510108,
        1.6142110175724271,
        1.602819652497014,
        1.6145162386230276,
        1.5826832599277738,
        1.5878785682629935,
        1.5800068710423723,
        1.5951304873333703,
        1.5825980962077273,
        1.6238175736197942,
        1.5779156141643282,
        1.6010980017577545,
        1.588427207137965,
        1.5794566960274419,
        1.5809409060055697
    ],
    "val_acc": [
        29.41,
        28.64,
        34.51,
        34.59,
        34.54,
        36.33,
        37.22,
        37.9,
        37.47,
        37.99,
        36.98,
        38.95,
        39.1,
        39.46,
        37.73,
        40.04,
        40.44,
        41.21,
        41.18,
        40.04,
        39.93,
        41.88,
        40.09,
        40.89,
        42.37,
        42.14,
        41.84,
        42.75,
        42.09,
        43.03,
        42.14,
        41.61,
        41.5,
        42.84,
        43.52,
        42.79,
        42.47,
        43.19,
        42.85,
        44.49,
        44.18,
        44.4,
        43.2,
        44.29,
        42.27,
        44.9,
        43.92,
        44.37,
        44.44,
        44.32
    ],
    "epoch_time": [
        11.70925784111023,
        11.570904016494751,
        11.500667810440063,
        11.152997732162476,
        11.272748708724976,
        11.82666301727295,
        11.42090892791748,
        11.42773699760437,
        11.360718250274658,
        11.181496143341064,
        12.149550914764404,
        11.315850019454956,
        11.817692041397095,
        11.421985149383545,
        11.684852838516235,
        11.602607011795044,
        11.303245067596436,
        12.133398056030273,
        11.420443773269653,
        11.160643815994263,
        11.935492992401123,
        11.252947092056274,
        11.216259241104126,
        11.266435146331787,
        11.164260864257812,
        11.237658739089966,
        11.197325944900513,
        11.275818109512329,
        11.230586290359497,
        11.206977128982544,
        11.201136112213135,
        11.234317064285278,
        11.585889101028442,
        11.721451997756958,
        11.522392272949219,
        11.715835094451904,
        11.629647970199585,
        11.484566688537598,
        11.90852403640747,
        11.527861833572388,
        11.658179998397827,
        11.538523197174072,
        11.550907373428345,
        11.617068767547607,
        11.424252986907959,
        11.427248239517212,
        11.384972095489502,
        11.41016435623169,
        11.236250877380371,
        11.33742904663086
    ],
    "final_epoch": 50,
    "Average time per epoch": 11.470694975852966,
    "total_training_time": 573.8344619274139,
    "best_val_acc": 44.9
}