{
    "trainable_parameters": 1738890,
    "total_parameters": 1738890,
    "test_accuracy": 0.5149,
    "test_loss": 1.3625069841553894,
    "precision_per_class": [
        0.536322869955157,
        0.6298283261802575,
        0.4002079002079002,
        0.3926991150442478,
        0.4215686274509804,
        0.4890885750962773,
        0.5058087578194816,
        0.6075550891920252,
        0.6191832858499525,
        0.5400565504241281
    ],
    "recall_per_class": [
        0.598,
        0.587,
        0.385,
        0.355,
        0.473,
        0.381,
        0.566,
        0.579,
        0.652,
        0.573
    ],
    "f1_per_class": [
        0.56548463356974,
        0.6076604554865425,
        0.3924566768603466,
        0.37289915966386555,
        0.4458058435438266,
        0.42833052276559863,
        0.5342142520056631,
        0.5929339477726574,
        0.6351680467608378,
        0.5560407569141194
    ],
    "macro_precision": 0.5142319097220407,
    "macro_recall": 0.5149000000000001,
    "macro_f1": 0.5130994295343198,
    "inference_time": 0.6637940406799316,
    "inference_speed": 15064.913794280057,
    "confusion_matrix": [
        [
            598,
            35,
            72,
            24,
            29,
            7,
            39,
            20,
            128,
            48
        ],
        [
            53,
            587,
            18,
            26,
            12,
            5,
            10,
            23,
            68,
            198
        ],
        [
            82,
            13,
            385,
            67,
            189,
            58,
            93,
            64,
            21,
            28
        ],
        [
            35,
            19,
            103,
            355,
            63,
            165,
            140,
            49,
            32,
            39
        ],
        [
            60,
            12,
            118,
            60,
            473,
            25,
            113,
            95,
            28,
            16
        ],
        [
            32,
            10,
            111,
            185,
            72,
            381,
            91,
            71,
            28,
            19
        ],
        [
            5,
            18,
            62,
            78,
            173,
            46,
            566,
            16,
            9,
            27
        ],
        [
            67,
            6,
            57,
            60,
            79,
            63,
            23,
            579,
            19,
            47
        ],
        [
            118,
            73,
            14,
            15,
            21,
            17,
            18,
            6,
            652,
            66
        ],
        [
            65,
            159,
            22,
            34,
            11,
            12,
            26,
            30,
            68,
            573
        ]
    ],
    "train_loss": [
        2.0369285824961554,
        1.9043892283028307,
        1.8410892909327254,
        1.784287708635909,
        1.735688638763306,
        1.709057743556964,
        1.692799189981942,
        1.667759872473086,
        1.6542821158997167,
        1.6427976791851056,
        1.6243523203145962,
        1.6148623677488334,
        1.6047820961132597,
        1.5894554072675613,
        1.582585303166423,
        1.5707770170876012,
        1.556120578092508,
        1.5563554756176738,
        1.5435711560538783,
        1.5320923682599783,
        1.5284949244020847,
        1.511243105696413,
        1.5142230317234613,
        1.502946822788007,
        1.4954374004095887,
        1.4889150572280152,
        1.48225894408485,
        1.48203289965852,
        1.47923131072864,
        1.4751475588582195,
        1.467466423686701,
        1.4593130898551818,
        1.4611223128656992,
        1.4522628513768838,
        1.446148958069067,
        1.443172905010918,
        1.4394585076993265,
        1.4399149897761239,
        1.4353316607185826,
        1.4240879719249737,
        1.4249336399590244,
        1.4207698148660386,
        1.4192770174897897,
        1.415403941568856,
        1.4188605493630846,
        1.4048640160514905,
        1.4104724547352654,
        1.4047663558405428,
        1.40761262159378,
        1.4089346354761825
    ],
    "train_acc": [
        24.195,
        29.935,
        32.8175,
        35.46,
        37.37,
        38.2025,
        38.87,
        39.91,
        40.415,
        40.7075,
        41.5325,
        41.58,
        42.2975,
        42.905,
        42.94,
        43.445,
        43.715,
        43.4875,
        44.3625,
        44.765,
        44.865,
        45.735,
        45.74,
        45.9625,
        46.2675,
        46.5725,
        46.68,
        46.925,
        46.63,
        46.9575,
        47.2975,
        47.505,
        47.235,
        47.76,
        48.105,
        48.11,
        48.34,
        47.615,
        48.3325,
        49.0425,
        48.865,
        48.6775,
        48.6325,
        48.835,
        48.86,
        49.6275,
        48.91,
        49.1,
        49.2725,
        49.1675
    ],
    "val_loss": [
        1.9242926156973537,
        1.8014430682870406,
        1.7242248511012597,
        1.6619437902788572,
        1.660764692704889,
        1.6379416004011902,
        1.6174910219409797,
        1.5830209149590022,
        1.5905948650987842,
        1.5842572043213663,
        1.5848689200002937,
        1.6000550728809984,
        1.5438746621337118,
        1.5240278726891627,
        1.5096132815638674,
        1.509470686127868,
        1.5370081829119333,
        1.5002750233758855,
        1.4978700197195705,
        1.4698990492881099,
        1.5149900792520257,
        1.4609334438661985,
        1.4610707669318477,
        1.4574947025202498,
        1.487483907349502,
        1.4414259527302995,
        1.4883948730517038,
        1.434425516973568,
        1.4422553355180765,
        1.418180153339724,
        1.4574713842778266,
        1.4423097417324404,
        1.4552143012421042,
        1.4024851623969743,
        1.389343400544758,
        1.3955283617671532,
        1.391602834568748,
        1.4014572237111345,
        1.4119921273823026,
        1.3937009346636036,
        1.3715352544301673,
        1.377285287350039,
        1.3868850861923605,
        1.3719360164449186,
        1.3543275760698923,
        1.3753970257843597,
        1.4203129584276224,
        1.411921306501461,
        1.3609927032567277,
        1.3670477852036682
    ],
    "val_acc": [
        28.91,
        34.04,
        37.51,
        40.04,
        40.39,
        41.13,
        42.03,
        43.64,
        43.53,
        43.12,
        44.24,
        42.52,
        45.1,
        45.12,
        46.15,
        46.15,
        45.53,
        46.16,
        46.23,
        47.51,
        46.14,
        48.0,
        48.15,
        48.05,
        47.42,
        49.16,
        47.02,
        48.94,
        48.88,
        49.61,
        48.48,
        48.83,
        48.18,
        50.35,
        50.63,
        50.63,
        50.6,
        49.68,
        49.97,
        50.43,
        50.91,
        50.85,
        50.39,
        51.51,
        51.52,
        51.38,
        48.58,
        49.9,
        51.43,
        51.47
    ],