{
    "trainable_parameters": 357258,
    "total_parameters": 357258,
    "test_accuracy": 0.8104,
    "test_loss": 0.5481316692466978,
    "precision_per_class": [
        0.7292817679558011,
        0.9320288362512873,
        0.791860465116279,
        0.7158322056833559,
        0.8092307692307692,
        0.6709621993127147,
        0.8724489795918368,
        0.818785578747628,
        0.9144942648592284,
        0.8729388942774006
    ],
    "recall_per_class": [
        0.924,
        0.905,
        0.681,
        0.529,
        0.789,
        0.781,
        0.855,
        0.863,
        0.877,
        0.9
    ],
    "f1_per_class": [
        0.8151742390824879,
        0.9183155758498224,
        0.7322580645161291,
        0.6083956296722254,
        0.7989873417721519,
        0.7218114602587801,
        0.8636363636363636,
        0.8403115871470301,
        0.8953547728432873,
        0.8862629246676514
    ],
    "macro_precision": 0.81278639610263,
    "macro_recall": 0.8103999999999999,
    "macro_f1": 0.808050795944593,
    "inference_time": 0.9101150035858154,
    "inference_speed": 10987.622400026825,
    "confusion_matrix": [
        [
            924,
            6,
            16,
            8,
            5,
            3,
            0,
            6,
            23,
            9
        ],
        [
            19,
            905,
            0,
            0,
            1,
            3,
            3,
            1,
            12,
            56
        ],
        [
            81,
            4,
            681,
            28,
            73,
            56,
            38,
            25,
            5,
            9
        ],
        [
            39,
            3,
            43,
            529,
            38,
            225,
            44,
            37,
            19,
            23
        ],
        [
            31,
            1,
            32,
            29,
            789,
            30,
            21,
            62,
            2,
            3
        ],
        [
            12,
            1,
            25,
            92,
            26,
            781,
            11,
            43,
            3,
            6
        ],
        [
            14,
            3,
            36,
            32,
            22,
            18,
            855,
            10,
            6,
            4
        ],
        [
            28,
            0,
            19,
            14,
            20,
            46,
            3,
            863,
            0,
            7
        ],
        [
            84,
            11,
            5,
            4,
            0,
            1,
            2,
            2,
            877,
            14
        ],
        [
            35,
            37,
            3,
            3,
            1,
            1,
            3,
            5,
            12,
            900
        ]
    ],
    "train_loss": [
        1.6680168659923176,
        1.3878427298305134,
        1.2652680416838429,
        1.190074660907538,
        1.130757473718625,
        1.0859589799524496,
        1.040157812852829,
        1.0161621321123628,
        0.9897306247260242,
        0.964357958434108,
        0.9447777349347124,
        0.9248749347159657,
        0.9042883128784716,
        0.891181005266147,
        0.8803847437849441,
        0.8656269909855657,
        0.8573959793526524,
        0.8356897073051038,
        0.8279005249087422,
        0.8179578053684661,
        0.8051167987406064,
        0.7978644123473487,
        0.7885510228312435,
        0.7799283490775112,
        0.7732692656044762,
        0.7671766044994512,
        0.7543595503694334,
        0.7391812680437923,
        0.7427991746713559,
        0.7410943532904116,
        0.7245627244630941,
        0.7176278778158438,
        0.7114940250453096,
        0.7148399676758641,
        0.7033589990756002,
        0.7029967901234428,
        0.6969700150025158,
        0.6881888496418731,
        0.6871577959281568,
        0.6837792419397031,
        0.6767513386357706,
        0.6748047358692645,
        0.6698172695149248,
        0.6634686606379744,
        0.659994836051624,
        0.6566327177107144,
        0.6634162241658463,
        0.6468816701406107,
        0.6401942408503816,
        0.6460916947442502
    ],
    "train_acc": [
        38.0325,
        49.315,
        54.095,
        57.55,
        59.6525,
        61.36,
        63.2625,
        63.915,
        65.125,
        66.145,
        66.7975,
        67.3775,
        68.0775,
        68.825,
        69.255,
        69.735,
        70.1525,
        70.8225,
        71.135,
        71.5075,
        72.025,
        72.44,
        72.775,
        72.7975,
        73.16,
        73.795,
        73.6625,
        74.2725,
        74.115,
        74.4325,
        74.8175,
        75.2575,
        75.165,
        75.2725,
        75.6775,
        75.75,
        75.7975,
        76.18,
        75.9825,
        76.395,
        76.84,
        76.585,
        76.9075,
        77.1775,
        77.22,
        77.25,
        77.125,
        77.6,
        77.855,
        77.775
    ],
    "val_loss": [
        1.4485146848461297,
        1.3235237628598757,
        1.0654724172399015,
        0.9740314694899547,
        0.962194090402579,
        1.0579795294170138,
        0.8327201023886476,
        0.9435773122159741,
        0.8005568068238753,
        0.8331527747685397,
        0.7350610773774642,
        0.8562137605268744,
        0.90054239502436,
        0.7602412783646886,
        0.8188392127616496,
        0.9424094323870502,
        0.739833271956142,
        0.6919588703143446,
        0.6754335165023804,
        0.6189308068420314,
        0.7007359786878659,
        0.7723009126095832,
        0.6488351493696624,
        0.9328050771846047,
        0.6441401658178885,
        0.5911167494103878,
        0.5788907008835033,
        0.6383437174784986,
        0.6239471978779081,
        0.6519090235233307,
        0.6056613427928731,
        0.5862235600435282,
        0.6318249393113052,
        0.5907483598853969,
        0.6251190531102917,
        0.685557837350459,
        0.5777327399465102,
        0.6206126760078382,
        0.5947649195978914,
        0.6700175770475895,
        0.6166039282762552,
        0.5486263557325436,
        0.5717861041238036,
        0.5570742506769639,
        0.5393313916423653,
        0.5359670421745204,
        0.695380691486069,
        0.5603015377551694,
        0.5646940922435326,
        0.592097734725928
    ],
    "val_acc": [
        48.13,
        53.85,
        60.66,
        64.25,
        65.98,
        62.45,
        69.72,
        66.59,
        71.33,
        70.53,
        73.97,
        68.83,
        69.79,
        72.91,
        71.6,
        67.29,
        74.38,
        75.72,
        77.03,
        78.41,
        75.57,
        73.71,
        77.17,
        70.06,
        77.31,
        79.24,
        79.73,
        78.23,
        78.29,
        78.05,
        78.54,
        79.63,
        78.38,
        79.55,
        78.35,
        77.06,
        79.78,
        78.79,
        79.24,
        77.34,
        78.6,
        81.1,
        80.1,
        80.86,
        81.44,
        81.44,
        76.13,
        80.76,
        80.66,
        80.23
    ],