{
    "train_loss": [
        2.0234521387484126,
        1.8864776143631614,
        1.8197371354118324,
        1.7675169904391987,
        1.7264676752943582,
        1.7018224945464455,
        1.6818871939905917,
        1.6718655858938687,
        1.659658526841063,
        1.6388057363680757,
        1.6356324856273663,
        1.6159626420694417,
        1.6105351006261075,
        1.6040855406191403,
        1.5908735788668307,
        1.5820669023373637,
        1.5816167882456185,
        1.5707619395880654,
        1.5638927286044477,
        1.5557029913789548,
        1.5494523958657116,
        1.5500701848691263,
        1.5394829595431734,
        1.53695975248806,
        1.5319057630654722,
        1.5234520229668662,
        1.52562294829006,
        1.5200866369393686,
        1.5135650676660264,
        1.5142670702248717,
        1.5060460525579726,
        1.5035843350255071,
        1.5006440676058443,
        1.4911802260639568,
        1.4923103023260926,
        1.488469810531543,
        1.4862488192110397,
        1.48340035246584,
        1.4850416579566443,
        1.48275390676797,
        1.4782119741835915,
        1.4772973765199557,
        1.4753870202329593,
        1.476986304258767,
        1.4784768518929283,
        1.466171643985346,
        1.464206162733011,
        1.4599038975688214,
        1.4591832427551952,
        1.457698309002593
    ],
    "train_acc": [
        25.2175,
        31.0775,
        33.9275,
        36.225,
        37.955,
        38.64,
        39.57,
        39.6825,
        40.1325,
        40.9725,
        40.9525,
        41.81,
        42.225,
        42.26,
        42.8875,
        43.1225,
        43.2125,
        43.32,
        43.99,
        43.9475,
        44.49,
        44.2025,
        44.5875,
        44.6975,
        45.1975,
        45.3675,
        45.12,
        45.095,
        45.6975,
        45.805,
        45.845,
        45.8225,
        46.35,
        46.5925,
        46.6,
        46.49,
        46.4775,
        46.45,
        46.9125,
        47.0275,
        47.11,
        46.655,
        47.03,
        47.145,
        46.7025,
        47.345,
        47.535,
        47.5725,
        47.3375,
        47.4175
    ],
    "val_loss": [
        1.8628515714331517,
        1.774591006810152,
        1.717540568943265,
        1.6565003485619267,
        1.6652134656906128,
        1.611282982403719,
        1.5991236393964743,
        1.571134757392014,
        1.6020366164702404,
        1.5882661931122406,
        1.5812650677524036,
        1.5684360839143585,
        1.5462770507305483,
        1.55304655998568,
        1.51519269128389,
        1.6141450933263273,
        1.5002310291121277,
        1.5028394898281823,
        1.482106223891053,
        1.4971113461482375,
        1.4721132999734035,
        1.4886765434772153,
        1.4527841021743002,
        1.4773011645184289,
        1.4869792989537687,
        1.4630389409729196,
        1.4523312049575998,
        1.49000361297704,
        1.4612155760390848,
        1.461220613008813,
        1.4608109872552413,
        1.4441833646991584,
        1.4464146728757061,
        1.429838604564908,
        1.4539716183384763,
        1.4250252790088895,
        1.424636332294609,
        1.4240826021266888,
        1.4160710995710348,
        1.447514733181724,
        1.4471341794050192,
        1.4251053921784027,
        1.4224247902254514,
        1.4089555740356445,
        1.4080630827553664,
        1.4165067823627326,
        1.4087847184531297,
        1.4434380953824972,
        1.3981866670560232,
        1.4132926780966264
    ],
    "val_acc": [
        32.42,
        36.32,
        39.1,
        41.08,
        40.79,
        42.45,
        42.78,
        43.63,
        42.73,
        42.87,
        42.92,
        43.92,
        44.73,
        43.89,
        45.63,
        43.13,
        46.17,
        46.07,
        47.17,
        46.13,
        47.36,
        47.12,
        48.16,
        47.45,
        47.32,
        48.26,
        48.27,
        46.82,
        47.88,
        47.99,
        47.18,
        48.68,
        47.96,
        49.71,
        48.78,
        49.06,
        49.43,
        49.46,
        49.46,
        48.65,
        48.52,
        49.2,
        49.53,
        49.95,
        50.17,
        49.61,
        50.08,
        49.19,
        50.18,
        49.75
    ],
    "epoch_time": [
        11.51751971244812,
        10.808044910430908,
        10.803274869918823,
        10.671144962310791,
        11.068867683410645,
        11.074683904647827,
        10.748716115951538,
        11.130319118499756,
        11.009619951248169,
        11.148374080657959,
        11.378634214401245,
        10.620018005371094,
        11.359220027923584,
        11.249240159988403,
        11.330221891403198,
        11.400614261627197,
        11.065160036087036,
        11.270469903945923,
        10.90865421295166,
        11.223265886306763,
        11.410825967788696,
        11.935675144195557,
        11.262257814407349,
        11.044027090072632,
        10.875504970550537,
        11.000334978103638,
        11.04384994506836,
        11.096513032913208,
        11.195228338241577,
        11.714268207550049,
        11.349440813064575,
        11.236556053161621,
        12.177545070648193,
        11.041759014129639,
        11.308802127838135,
        11.68838906288147,
        11.354344129562378,
        11.104961156845093,
        10.769144058227539,
        11.102949142456055,
        10.873431921005249,
        11.134821891784668,
        11.228636980056763,
        11.163682222366333,
        10.837050199508667,
        11.290800094604492,
        11.281598806381226,
        10.728616952896118,
        10.781330823898315,
        11.25768494606018
    ],
    "final_epoch": 50,
    "Average time per epoch": 11.161521897315978,
    "total_training_time": 558.2399230003357,
    "best_val_acc": 50.18
}