{
    "trainable_parameters": 824651,
    "total_parameters": 824651,
    "test_accuracy": 0.8362,
    "test_loss": 0.4966372194923932,
    "precision_per_class": [
        0.8506559031281534,
        0.9494079655543596,
        0.7607879924953096,
        0.6850241545893719,
        0.8033106134371957,
        0.8216340621403913,
        0.855787476280835,
        0.8843813387423936,
        0.8904109589041096,
        0.8756121449559255
    ],
    "recall_per_class": [
        0.843,
        0.882,
        0.811,
        0.709,
        0.825,
        0.714,
        0.902,
        0.872,
        0.91,
        0.894
    ],
    "f1_per_class": [
        0.8468106479156203,
        0.9144634525660964,
        0.7850919651500484,
        0.6968058968058968,
        0.8140108534780464,
        0.7640449438202247,
        0.878286270691334,
        0.878147029204431,
        0.9000989119683481,
        0.8847105393369619
    ],
    "macro_precision": 0.8377012610228045,
    "macro_recall": 0.8362,
    "macro_f1": 0.8362470510937008,
    "inference_time": 0.8627257347106934,
    "inference_speed": 11591.169241466296,
    "confusion_matrix": [
        [
            843,
            4,
            28,
            13,
            13,
            2,
            3,
            15,
            53,
            26
        ],
        [
            12,
            882,
            4,
            7,
            2,
            2,
            4,
            1,
            26,
            60
        ],
        [
            30,
            1,
            811,
            48,
            40,
            17,
            35,
            11,
            2,
            5
        ],
        [
            17,
            0,
            52,
            709,
            48,
            90,
            48,
            21,
            6,
            9
        ],
        [
            10,
            1,
            63,
            31,
            825,
            10,
            28,
            28,
            4,
            0
        ],
        [
            11,
            3,
            38,
            142,
            42,
            714,
            22,
            27,
            0,
            1
        ],
        [
            5,
            0,
            32,
            33,
            15,
            5,
            902,
            4,
            1,
            3
        ],
        [
            6,
            1,
            22,
            24,
            37,
            26,
            3,
            872,
            1,
            8
        ],
        [
            37,
            6,
            9,
            12,
            4,
            1,
            5,
            1,
            910,
            15
        ],
        [
            20,
            31,
            7,
            16,
            1,
            2,
            4,
            6,
            19,
            894
        ]
    ],
    "train_loss": [
        1.5276412415428284,
        1.2050589867674124,
        1.0807106443487418,
        0.9888571462692163,
        0.9311410639994442,
        0.8892969064438305,
        0.8484495464986125,
        0.8225103152064851,
        0.795244738888055,
        0.7725110910951901,
        0.7487169544155986,
        0.7340575326174593,
        0.707878274182542,
        0.6940067762764879,
        0.6876659433300883,
        0.673572514003839,
        0.6545659796879314,
        0.6443442243356674,
        0.6392584467848269,
        0.6235422022616901,
        0.6179747898548175,
        0.6099361296469411,
        0.5946260915396694,
        0.5897883918529121,
        0.5827641431896832,
        0.5737910921962116,
        0.5646065813474381,
        0.5543565535888123,
        0.5498748146497403,
        0.5474029156727532,
        0.5373481753916024,
        0.5336883548920909,
        0.5247355756668237,
        0.5230766842350031,
        0.5106079862140619,
        0.5154398170332558,
        0.5072338577276602,
        0.49649411182814895,
        0.5032956371672999,
        0.4897731094124218,
        0.48513325553732556,
        0.48420131577851294,
        0.4770122066663858,
        0.4757217460166151,
        0.4671789180166043,
        0.4637186465838466,
        0.47377447636363607,
        0.4611630531164785,
        0.45560590023049913,
        0.4488698496414831
    ],
    "train_acc": [
        44.4725,
        56.6575,
        61.3025,
        65.0375,
        66.975,
        68.605,
        69.86,
        70.9025,
        71.6675,
        72.7875,
        73.59,
        74.1775,
        75.1575,
        75.6475,
        75.92,
        76.175,
        76.8575,
        77.275,
        77.55,
        78.2475,
        78.2,
        78.6025,
        79.215,
        79.285,
        79.6475,
        79.7775,
        80.285,
        80.6225,
        80.6675,
        80.63,
        81.005,
        81.33,
        81.505,
        81.61,
        82.1675,
        82.01,
        81.9775,
        82.51,
        82.1175,
        82.7875,
        82.755,
        82.785,
        83.2025,
        83.1125,
        83.6225,
        83.51,
        83.285,
        83.6825,
        83.985,
        84.175
    ],
    "val_loss": [
        1.2085314777832996,
        1.158050688761699,
        0.9682733906975275,
        1.0124085809611068,
        0.8409877962703947,
        0.8000273961055128,
        0.8501576607740378,
        0.7143078623693201,
        0.714391366967672,
        0.6586178231842911,
        0.7895825686334055,
        0.7295525707776034,
        0.6786281179778183,
        0.8822543281543104,
        0.7007507493224325,
        0.6689173839514768,
        0.7119824893866913,
        0.5835751868501494,
        0.7601214198372032,
        0.5973624183407312,
        0.6484443865999391,
        0.648281303387654,
        0.5455438970010492,
        0.5865418069724795,
        0.571261660207676,
        0.6183633291268651,
        0.5435787175275102,
        0.5973302480540698,
        0.5738717973986759,
        0.5820061922827854,
        0.5216759484779986,
        0.5561080107206031,
        0.5919837249985224,
        0.6117992046513135,
        0.5521971006182176,
        0.589704757249808,
        0.5793518529662604,
        0.6146147760409343,
        0.49696513331389125,
        0.5036624881285655,
        0.5154161381570599,
        0.5253749470922011,
        0.4885660885255548,
        0.6257733332959912,
        0.5831064181991771,
        0.5664041887355756,
        0.7417762966095647,
        0.5293950525265706,
        0.49903939796399466,
        0.5141687687439255
    ],
    "val_acc": [
        55.13,
        60.43,
        66.23,
        65.32,
        70.27,
        71.83,
        69.6,
        74.86,
        75.15,
        77.17,
        72.82,
        74.81,
        77.1,
        70.68,
        76.1,
        76.99,
        75.14,
        79.88,
        75.78,
        79.7,
        77.81,
        77.63,
        81.13,
        79.88,
        80.81,
        79.39,
        81.45,
        79.37,
        80.27,
        80.91,
        82.62,
        81.43,
        80.12,
        79.69,
        81.39,
        80.09,
        80.98,
        79.81,
        82.73,
        83.12,
        82.72,
        81.9,
        83.78,
        79.49,
        80.85,
        81.15,
        76.54,
        82.3,
        83.3,
        83.29
    ],