Experiment,Model,Test Accuracy,Test Loss,Precision,Recall,F1 Score,Trainable Params,Total Params,Inference Time (s),Inference Speed (samples/s),Final Epoch,Mean Epoch Time (s),Total Training Time (s),Best Val Accuracy
Same parameters ~ 820K - dropout = 0.3,MLP,0.4962,1.4091754216182082,0.49084936370324844,0.4962,0.4889121422190956,820874,820874,0.6701538562774658,14921.946514711497,50,10.859154691696167,543.1154239177704,50.02
Same parameters ~ 820K - dropout = 0.3,CNN,0.8299,0.5110804823380483,0.8323312589752645,0.8299,0.8297448524279527,824651,824651,1.025710105895996,9749.343350053694,50,13.916917662620545,696.0893278121948,83.65
