{
    "trainable_parameters": 820874,
    "total_parameters": 820874,
    "test_accuracy": 0.4962,
    "test_loss": 1.4091754216182082,
    "precision_per_class": [
        0.5630165289256198,
        0.5982986767485823,
        0.43543956043956045,
        0.37037037037037035,
        0.4142581888246628,
        0.4519104084321476,
        0.4370629370629371,
        0.5306306306306307,
        0.5951957295373665,
        0.5123106060606061
    ],
    "recall_per_class": [
        0.545,
        0.633,
        0.317,
        0.27,
        0.43,
        0.343,
        0.625,
        0.589,
        0.669,
        0.541
    ],
    "f1_per_class": [
        0.5538617886178862,
        0.6151603498542274,
        0.36689814814814814,
        0.31231925968768076,
        0.42198233562315995,
        0.3899943149516771,
        0.51440329218107,
        0.5582938388625592,
        0.6299435028248588,
        0.5262645914396887
    ],
    "macro_precision": 0.49084936370324844,
    "macro_recall": 0.4962,
    "macro_f1": 0.4889121422190956,
    "inference_time": 0.6701538562774658,
    "inference_speed": 14921.946514711497,
    "confusion_matrix": [
        [
            545,
            43,
            54,
            29,
            27,
            7,
            47,
            37,
            148,
            63
        ],
        [
            46,
            633,
            7,
            8,
            14,
            7,
            16,
            19,
            82,
            168
        ],
        [
            70,
            26,
            317,
            75,
            155,
            61,
            155,
            89,
            20,
            32
        ],
        [
            26,
            26,
            77,
            270,
            71,
            163,
            208,
            68,
            32,
            59
        ],
        [
            51,
            17,
            101,
            42,
            430,
            25,
            153,
            122,
            39,
            20
        ],
        [
            18,
            23,
            72,
            174,
            80,
            343,
            134,
            104,
            22,
            30
        ],
        [
            6,
            14,
            55,
            47,
            154,
            43,
            625,
            27,
            10,
            19
        ],
        [
            69,
            10,
            28,
            44,
            68,
            67,
            46,
            589,
            26,
            53
        ],
        [
            98,
            60,
            11,
            15,
            28,
            25,
            13,
            10,
            669,
            71
        ],
        [
            39,
            206,
            6,
            25,
            11,
            18,
            33,
            45,
            76,
            541
        ]
    ],
    "train_loss": [
        2.0145860468617642,
        1.8936818323958033,
        1.817710577489469,
        1.7769803559056485,
        1.737651654325735,
        1.709435750120364,
        1.6904567628622817,
        1.6772974013520505,
        1.6618272016604487,
        1.6448862533599804,
        1.6389607240597661,
        1.6299830233327115,
        1.611749466615744,
        1.603703199484097,
        1.5979538028613447,
        1.584752008937799,
        1.5825215143898426,
        1.578904373958088,
        1.5661890419146505,
        1.5617163143218897,
        1.5526470947570312,
        1.5484923455661859,
        1.5436190755222552,
        1.53443692972104,
        1.5389344239006408,
        1.5263328955958064,
        1.5262934399869876,
        1.5165817516680342,
        1.516648615891941,
        1.510532964913609,
        1.512539671251949,
        1.5061940674583751,
        1.501326879754234,
        1.5016492688998628,
        1.4949389890359994,
        1.4956389044801268,
        1.4928639015069785,
        1.4836538496870584,
        1.485669413313698,
        1.4803528050645092,
        1.4803498949105747,
        1.4756878378292242,
        1.471542141308038,
        1.4712461286459486,
        1.4728292546714077,
        1.4694282863848507,
        1.465896504755599,
        1.4615983372679153,
        1.4636747399077248,
        1.4643664577136786
    ],
    "train_acc": [
        25.645,
        30.815,
        33.9775,
        35.7825,
        37.565,
        38.365,
        39.3275,
        39.3975,
        40.3825,
        40.975,
        41.0575,
        41.355,
        42.1225,
        42.125,
        42.4625,
        42.9625,
        43.165,
        43.27,
        43.85,
        43.87,
        44.175,
        44.4475,
        44.7575,
        44.97,
        44.745,
        45.295,
        45.1125,
        45.4575,
        45.52,
        45.6275,
        45.57,
        45.85,
        46.1225,
        45.81,
        46.3475,
        45.9975,
        46.48,
        46.6225,
        46.5725,
        46.8525,
        46.9925,
        46.89,
        47.245,
        47.4375,
        46.76,
        47.0675,
        47.1475,
        47.4175,
        47.5075,
        47.4125
    ],
    "val_loss": [
        1.8730316207378725,
        1.77677012546153,
        1.7161726634713668,
        1.6687882957579214,
        1.7062970007522196,
        1.656221711182896,
        1.6268638885473903,
        1.597886254515829,
        1.574589041214955,
        1.577729733684395,
        1.5750205335737784,
        1.5585792834245706,
        1.6268585180934472,
        1.539894709104224,
        1.5399692465987387,
        1.5058372805390177,
        1.5573581049713907,
        1.5618218621121178,
        1.5084321604499333,
        1.5083213652236551,
        1.4798124243941488,
        1.4902181399019458,
        1.4863207294971128,
        1.4627597995951205,
        1.4889447492889212,
        1.4691572958910013,
        1.4887261028531231,
        1.4670808949048006,
        1.4643791068958332,
        1.4555767186080353,
        1.451423860803435,
        1.4575153453440606,
        1.4617864693267435,
        1.4508890381342248,
        1.4335881577262395,
        1.4541620710228063,
        1.4596921341328681,
        1.4414081241511092,
        1.4480464971518214,
        1.4301549845103976,
        1.4211723879922795,
        1.4361406534532957,
        1.4130148706556875,
        1.4534381794024118,
        1.4022847504555425,
        1.4142815629138221,
        1.4283835359766512,
        1.4405441616154924,
        1.4128884152521062,
        1.4496257093888294
    ],
    "val_acc": [
        31.84,
        34.73,
        38.69,
        40.06,
        38.6,
        40.21,
        41.08,
        42.97,
        43.33,
        44.07,
        44.11,
        44.65,
        42.71,
        44.96,
        45.2,
        46.29,
        45.16,
        45.1,
        46.13,
        46.18,
        47.03,
        46.32,
        46.94,
        47.52,
        46.97,
        47.72,
        46.54,
        47.24,
        47.54,
        47.87,
        48.43,
        48.46,
        48.06,
        48.01,
        48.33,
        48.22,
        47.84,
        49.01,
        48.79,
        48.95,
        49.36,
        48.9,
        50.02,
        49.04,
        49.94,
        49.87,
        49.21,
        48.42,
        49.72,
        48.63
    ],